node_id,parent_id,g,h,f,depth,n_legal_successors,n_pruned,status,all_pruned,is_new_best,prune_reason,timestamp_order
"((0, 0), (1, 0), (2, 0), (3, 0), (4, 0), (5, 0))","((0, 0), (1, 0), (2, 0), (3, 0), (4, 0))",0,2,2,5,,,goal,,True,,0
"((0, 0), (1, 0), (2, 0), (3, 0), (4, 0), (4, 1))","((0, 0), (1, 0), (2, 0), (3, 0), (4, 0))",0,2,2,5,,,goal,,False,,1
"((0, 0), (1, 0), (2, 0), (3, 0), (4, 0), (4, -1))","((0, 0), (1, 0), (2, 0), (3, 0), (4, 0))",0,2,2,5,,,goal,,False,,2
"((0, 0), (1, 0), (2, 0), (3, 0), (4, 0))","((0, 0), (1, 0), (2, 0), (3, 0))",0,2,2,4,3,0,expanded,False,,,3
"((0, 0), (1, 0), (2, 0), (3, 0), (3, 1), (4, 1))","((0, 0), (1, 0), (2, 0), (3, 0), (3, 1))",0,2,2,5,,,goal,,False,,4
"((0, 0), (1, 0), (2, 0), (3, 0), (3, 1), (2, 1))","((0, 0), (1, 0), (2, 0), (3, 0), (3, 1))",0,2,2,5,,,goal,,False,,5
"((0, 0), (1, 0), (2, 0), (3, 0), (3, 1), (3, 2))","((0, 0), (1, 0), (2, 0), (3, 0), (3, 1))",0,2,2,5,,,goal,,False,,6
"((0, 0), (1, 0), (2, 0), (3, 0), (3, 1))","((0, 0), (1, 0), (2, 0), (3, 0))",0,2,2,4,3,0,expanded,False,,,7
"((0, 0), (1, 0), (2, 0), (3, 0), (3, -1), (4, -1))","((0, 0), (1, 0), (2, 0), (3, 0), (3, -1))",0,2,2,5,,,goal,,False,,8
"((0, 0), (1, 0), (2, 0), (3, 0), (3, -1), (2, -1))","((0, 0), (1, 0), (2, 0), (3, 0), (3, -1))",0,2,2,5,,,goal,,False,,9
"((0, 0), (1, 0), (2, 0), (3, 0), (3, -1), (3, -2))","((0, 0), (1, 0), (2, 0), (3, 0), (3, -1))",0,2,2,5,,,goal,,False,,10
"((0, 0), (1, 0), (2, 0), (3, 0), (3, -1))","((0, 0), (1, 0), (2, 0), (3, 0))",0,2,2,4,3,0,expanded,False,,,11
"((0, 0), (1, 0), (2, 0), (3, 0))","((0, 0), (1, 0), (2, 0))",0,2,2,3,3,0,expanded,False,,,12
"((0, 0), (1, 0), (2, 0), (2, 1), (1, 1), (0, 1))","((0, 0), (1, 0), (2, 0), (2, 1), (1, 1))",1,1,2,5,,,goal,,True,,13
"((0, 0), (1, 0), (2, 0), (2, 1), (1, 1), (1, 2))","((0, 0), (1, 0), (2, 0), (2, 1), (1, 1))",1,1,2,5,,,goal,,False,,14
"((0, 0), (1, 0), (2, 0), (2, 1), (1, 1))","((0, 0), (1, 0), (2, 0), (2, 1))",1,1,2,4,2,0,expanded,False,,,15
"((0, 0), (1, 0), (2, 0), (2, 1), (3, 1), (4, 1))","((0, 0), (1, 0), (2, 0), (2, 1), (3, 1))",0,2,2,5,,,goal,,False,,16
"((0, 0), (1, 0), (2, 0), (2, 1), (3, 1), (3, 2))","((0, 0), (1, 0), (2, 0), (2, 1), (3, 1))",0,2,2,5,,,goal,,False,,17
"((0, 0), (1, 0), (2, 0), (2, 1), (3, 1), (3, 0))","((0, 0), (1, 0), (2, 0), (2, 1), (3, 1))",0,2,2,5,,,goal,,False,,18
"((0, 0), (1, 0), (2, 0), (2, 1), (3, 1))","((0, 0), (1, 0), (2, 0), (2, 1))",0,2,2,4,3,0,expanded,False,,,19
"((0, 0), (1, 0), (2, 0), (2, 1), (2, 2), (3, 2))","((0, 0), (1, 0), (2, 0), (2, 1), (2, 2))",0,2,2,5,,,goal,,False,,20
"((0, 0), (1, 0), (2, 0), (2, 1), (2, 2), (1, 2))","((0, 0), (1, 0), (2, 0), (2, 1), (2, 2))",0,2,2,5,,,goal,,False,,21
"((0, 0), (1, 0), (2, 0), (2, 1), (2, 2), (2, 3))","((0, 0), (1, 0), (2, 0), (2, 1), (2, 2))",0,2,2,5,,,goal,,False,,22
"((0, 0), (1, 0), (2, 0), (2, 1), (2, 2))","((0, 0), (1, 0), (2, 0), (2, 1))",0,2,2,4,3,0,expanded,False,,,23
"((0, 0), (1, 0), (2, 0), (2, 1))","((0, 0), (1, 0), (2, 0))",0,2,2,3,3,0,expanded,False,,,24
"((0, 0), (1, 0), (2, 0), (2, -1), (1, -1), (0, -1))","((0, 0), (1, 0), (2, 0), (2, -1), (1, -1))",1,1,2,5,,,goal,,False,,25
"((0, 0), (1, 0), (2, 0), (2, -1), (1, -1), (1, -2))","((0, 0), (1, 0), (2, 0), (2, -1), (1, -1))",1,1,2,5,,,goal,,False,,26
"((0, 0), (1, 0), (2, 0), (2, -1), (1, -1))","((0, 0), (1, 0), (2, 0), (2, -1))",1,1,2,4,2,0,expanded,False,,,27
"((0, 0), (1, 0), (2, 0), (2, -1), (3, -1), (4, -1))","((0, 0), (1, 0), (2, 0), (2, -1), (3, -1))",0,2,2,5,,,goal,,False,,28
"((0, 0), (1, 0), (2, 0), (2, -1), (3, -1), (3, 0))","((0, 0), (1, 0), (2, 0), (2, -1), (3, -1))",0,2,2,5,,,goal,,False,,29
"((0, 0), (1, 0), (2, 0), (2, -1), (3, -1), (3, -2))","((0, 0), (1, 0), (2, 0), (2, -1), (3, -1))",0,2,2,5,,,goal,,False,,30
"((0, 0), (1, 0), (2, 0), (2, -1), (3, -1))","((0, 0), (1, 0), (2, 0), (2, -1))",0,2,2,4,3,0,expanded,False,,,31
"((0, 0), (1, 0), (2, 0), (2, -1), (2, -2), (3, -2))","((0, 0), (1, 0), (2, 0), (2, -1), (2, -2))",0,2,2,5,,,goal,,False,,32
"((0, 0), (1, 0), (2, 0), (2, -1), (2, -2), (1, -2))","((0, 0), (1, 0), (2, 0), (2, -1), (2, -2))",0,2,2,5,,,goal,,False,,33
"((0, 0), (1, 0), (2, 0), (2, -1), (2, -2), (2, -3))","((0, 0), (1, 0), (2, 0), (2, -1), (2, -2))",0,2,2,5,,,goal,,False,,34
"((0, 0), (1, 0), (2, 0), (2, -1), (2, -2))","((0, 0), (1, 0), (2, 0), (2, -1))",0,2,2,4,3,0,expanded,False,,,35
"((0, 0), (1, 0), (2, 0), (2, -1))","((0, 0), (1, 0), (2, 0))",0,2,2,3,3,0,expanded,False,,,36
"((0, 0), (1, 0), (2, 0))","((0, 0), (1, 0))",0,2,2,2,3,0,expanded,False,,,37
"((0, 0), (1, 0), (1, 1), (0, 1), (-1, 1), (-1, 0))","((0, 0), (1, 0), (1, 1), (0, 1), (-1, 1))",0,2,2,5,,,goal,,False,,38
"((0, 0), (1, 0), (1, 1), (0, 1), (-1, 1), (-2, 1))","((0, 0), (1, 0), (1, 1), (0, 1), (-1, 1))",0,2,2,5,,,goal,,False,,39
"((0, 0), (1, 0), (1, 1), (0, 1), (-1, 1), (-1, 2))","((0, 0), (1, 0), (1, 1), (0, 1), (-1, 1))",0,2,2,5,,,goal,,False,,40
"((0, 0), (1, 0), (1, 1), (0, 1), (-1, 1))","((0, 0), (1, 0), (1, 1), (0, 1))",0,2,2,4,3,0,expanded,False,,,41
"((0, 0), (1, 0), (1, 1), (0, 1), (0, 2), (1, 2))","((0, 0), (1, 0), (1, 1), (0, 1), (0, 2))",0,2,2,5,,,goal,,False,,42
"((0, 0), (1, 0), (1, 1), (0, 1), (0, 2), (-1, 2))","((0, 0), (1, 0), (1, 1), (0, 1), (0, 2))",0,2,2,5,,,goal,,False,,43
"((0, 0), (1, 0), (1, 1), (0, 1), (0, 2), (0, 3))","((0, 0), (1, 0), (1, 1), (0, 1), (0, 2))",0,2,2,5,,,goal,,False,,44
"((0, 0), (1, 0), (1, 1), (0, 1), (0, 2))","((0, 0), (1, 0), (1, 1), (0, 1))",0,2,2,4,3,0,expanded,False,,,45
"((0, 0), (1, 0), (1, 1), (0, 1))","((0, 0), (1, 0), (1, 1))",0,2,2,3,2,0,expanded,False,,,46
"((0, 0), (1, 0), (1, 1), (2, 1), (2, 0), (3, 0))","((0, 0), (1, 0), (1, 1), (2, 1), (2, 0))",1,1,2,5,,,goal,,False,,47
"((0, 0), (1, 0), (1, 1), (2, 1), (2, 0), (2, -1))","((0, 0), (1, 0), (1, 1), (2, 1), (2, 0))",1,1,2,5,,,goal,,False,,48
"((0, 0), (1, 0), (1, 1), (2, 1), (2, 0))","((0, 0), (1, 0), (1, 1), (2, 1))",1,1,2,4,2,0,expanded,False,,,49
"((0, 0), (1, 0), (1, 1), (2, 1), (3, 1), (4, 1))","((0, 0), (1, 0), (1, 1), (2, 1), (3, 1))",0,2,2,5,,,goal,,False,,50
"((0, 0), (1, 0), (1, 1), (2, 1), (3, 1), (3, 2))","((0, 0), (1, 0), (1, 1), (2, 1), (3, 1))",0,2,2,5,,,goal,,False,,51
"((0, 0), (1, 0), (1, 1), (2, 1), (3, 1), (3, 0))","((0, 0), (1, 0), (1, 1), (2, 1), (3, 1))",0,2,2,5,,,goal,,False,,52
"((0, 0), (1, 0), (1, 1), (2, 1), (3, 1))","((0, 0), (1, 0), (1, 1), (2, 1))",0,2,2,4,3,0,expanded,False,,,53
"((0, 0), (1, 0), (1, 1), (2, 1), (2, 2), (3, 2))","((0, 0), (1, 0), (1, 1), (2, 1), (2, 2))",0,2,2,5,,,goal,,False,,54
"((0, 0), (1, 0), (1, 1), (2, 1), (2, 2), (1, 2))","((0, 0), (1, 0), (1, 1), (2, 1), (2, 2))",0,2,2,5,,,goal,,False,,55
"((0, 0), (1, 0), (1, 1), (2, 1), (2, 2), (2, 3))","((0, 0), (1, 0), (1, 1), (2, 1), (2, 2))",0,2,2,5,,,goal,,False,,56
"((0, 0), (1, 0), (1, 1), (2, 1), (2, 2))","((0, 0), (1, 0), (1, 1), (2, 1))",0,2,2,4,3,0,expanded,False,,,57
"((0, 0), (1, 0), (1, 1), (2, 1))","((0, 0), (1, 0), (1, 1))",0,2,2,3,3,0,expanded,False,,,58
"((0, 0), (1, 0), (1, 1), (1, 2), (2, 2), (3, 2))","((0, 0), (1, 0), (1, 1), (1, 2), (2, 2))",0,2,2,5,,,goal,,False,,59
"((0, 0), (1, 0), (1, 1), (1, 2), (2, 2), (2, 3))","((0, 0), (1, 0), (1, 1), (1, 2), (2, 2))",0,2,2,5,,,goal,,False,,60
"((0, 0), (1, 0), (1, 1), (1, 2), (2, 2), (2, 1))","((0, 0), (1, 0), (1, 1), (1, 2), (2, 2))",0,2,2,5,,,goal,,False,,61
"((0, 0), (1, 0), (1, 1), (1, 2), (2, 2))","((0, 0), (1, 0), (1, 1), (1, 2))",0,2,2,4,3,0,expanded,False,,,62
"((0, 0), (1, 0), (1, 1), (1, 2), (0, 2), (0, 1))","((0, 0), (1, 0), (1, 1), (1, 2), (0, 2))",0,2,2,5,,,goal,,False,,63
"((0, 0), (1, 0), (1, 1), (1, 2), (0, 2), (-1, 2))","((0, 0), (1, 0), (1, 1), (1, 2), (0, 2))",0,2,2,5,,,goal,,False,,64
"((0, 0), (1, 0), (1, 1), (1, 2), (0, 2), (0, 3))","((0, 0), (1, 0), (1, 1), (1, 2), (0, 2))",0,2,2,5,,,goal,,False,,65
"((0, 0), (1, 0), (1, 1), (1, 2), (0, 2))","((0, 0), (1, 0), (1, 1), (1, 2))",0,2,2,4,3,0,expanded,False,,,66
"((0, 0), (1, 0), (1, 1), (1, 2), (1, 3), (2, 3))","((0, 0), (1, 0), (1, 1), (1, 2), (1, 3))",0,2,2,5,,,goal,,False,,67
"((0, 0), (1, 0), (1, 1), (1, 2), (1, 3), (0, 3))","((0, 0), (1, 0), (1, 1), (1, 2), (1, 3))",0,2,2,5,,,goal,,False,,68
"((0, 0), (1, 0), (1, 1), (1, 2), (1, 3), (1, 4))","((0, 0), (1, 0), (1, 1), (1, 2), (1, 3))",0,2,2,5,,,goal,,False,,69
"((0, 0), (1, 0), (1, 1), (1, 2), (1, 3))","((0, 0), (1, 0), (1, 1), (1, 2))",0,2,2,4,3,0,expanded,False,,,70
"((0, 0), (1, 0), (1, 1), (1, 2))","((0, 0), (1, 0), (1, 1))",0,2,2,3,3,0,expanded,False,,,71
"((0, 0), (1, 0), (1, 1))","((0, 0), (1, 0))",0,2,2,2,3,0,expanded,False,,,72
"((0, 0), (1, 0))",,0,3,3,1,2,0,expanded,False,,,73
